{"cameraMode":{"drawMode":0,"name":"Shaded","section":"Shading Mode"},"sceneLighting":true,"audioPlay":false,"sceneViewState":{"showFog":true,"showMaterialUpdate":false,"showSkybox":true,"showFlares":true,"showImageEffects":true,"showParticleSystems":true},"in2DMode":false,"pivot":{"x":19.377532958984376,"y":-19.874786376953126,"z":-65.01945495605469},"rotation":{"x":0.29939690232276919,"y":-0.5368010997772217,"z":0.211491197347641,"w":0.7599194645881653},"size":1552.7388916015625,"orthographic":false}